{
  "creds": {
    "noiseKey": {
      "private": {
        "type": "Buffer",
        "data": "+MrzJPM2vROSWtaoJZKS9VVlzi3CP5ac1/Oey/xg63Y="
      },
      "public": {
        "type": "Buffer",
        "data": "cyPtarjfWTeU4NUFmh+BFwjGWxlFgtkoZNh7/zmeQ14="
      }
    },
    "signedIdentityKey": {
      "private": {
        "type": "Buffer",
        "data": "gMDG5RleSaqJzPjMhARLSqvMSlTVul5hCulYjo6LeVU="
      },
      "public": {
        "type": "Buffer",
        "data": "vbImi4Iq6fWqHImIn0+HcwDXDhax2+g2gSe6ecvMnwk="
      }
    },
    "signedPreKey": {
      "keyPair": {
        "private": {
          "type": "Buffer",
          "data": "cN0tyjjYUHIyH63784ZBLjXbMr/YxOZSUaZT5GlLWEY="
        },
        "public": {
          "type": "Buffer",
          "data": "AGAE3lFCflLKUYze6erbdNf7RRUc6puiaqw2xDlg1k8="
        }
      },
      "signature": {
        "type": "Buffer",
        "data": "HN2fN/DNz875R/+QDbw34BJIYmuE3lF4RbtRQza32BNclHIEajEn1WPK4o0DBZZKD/x+UV6SpT+6VlcMoV9qig=="
      },
      "keyId": 1
    },
    "registrationId": 143,
    "advSecretKey": "/kihbFjLfW+YyqM7l7+7u8t/o1MttkukZu0u51on0Qg=",
    "processedHistoryMessages": [
      {
        "key": {
          "remoteJid": "62895393167129@s.whatsapp.net",
          "fromMe": true,
          "id": "057BAB6FA441E4C0D6751440D9F97707"
        },
        "messageTimestamp": 1662213290
      },
      {
        "key": {
          "remoteJid": "62895393167129@s.whatsapp.net",
          "fromMe": true,
          "id": "EB0CD3E89154718EAE23FA5731920084"
        },
        "messageTimestamp": 1662213291
      },
      {
        "key": {
          "remoteJid": "62895393167129@s.whatsapp.net",
          "fromMe": true,
          "id": "1CD3529E576F355B05F856EDDB9651DE"
        },
        "messageTimestamp": 1662213308
      }
    ],
    "nextPreKeyId": 31,
    "firstUnuploadedPreKeyId": 31,
    "accountSettings": {
      "unarchiveChats": false
    },
    "account": {
      "details": "CMLwyC8QpLnNmAYYAQ==",
      "accountSignatureKey": "UOtyjtJ9GLL+ivwlFezz2Ose5PMBpzG2RITvsgCZYWQ=",
      "accountSignature": "5l5KqQ1CBaIEp2Ur2+SboTq38sjh0SYTlb0jJLoxoCYdV7U115BRoi3SqJlXlIKfUMmGLh8hG4sy5vWKcQW/Ag==",
      "deviceSignature": "DyT7hwKWrKfoyfyL/F0XuiqAhonGT8TQPTes/ysPFh3M8Zp0vUWJL7EvNP0qZ9gWlzthtIaO2jvOgt1SeL3dhA=="
    },
    "me": {
      "id": "62895393167129:4@s.whatsapp.net",
      "name": "Vanzz"
    },
    "signalIdentities": [
      {
        "identifier": {
          "name": "62895393167129:4@s.whatsapp.net",
          "deviceId": 0
        },
        "identifierKey": {
          "type": "Buffer",
          "data": "BVDrco7SfRiy/or8JRXs89jrHuTzAacxtkSE77IAmWFk"
        }
      }
    ],
    "platform": "android",
    "lastAccountSyncTimestamp": 1662213567,
    "myAppStateKeyId": "AAAAAAYa"
  },
  "keys": {
    "preKeys": {
      "1": {
        "private": {
          "type": "Buffer",
          "data": "GEzz6hevyycX/tomrljlfQmgDptqJUlJxK2sObVW3Fw="
        },
        "public": {
          "type": "Buffer",
          "data": "Z/sbDZI9cbxz9Zum2V7NQED6k/rUvytocKt+8GT73lg="
        }
      },
      "2": {
        "private": {
          "type": "Buffer",
          "data": "MMuai+VLiz3QWQYqo7XqFsdTr0Gg0UhUFBA8NtjZbnQ="
        },
        "public": {
          "type": "Buffer",
          "data": "R+O1zFtFlT72/2LV39qSEr3xUQLFBCySivWq7PzEGEM="
        }
      },
      "3": {
        "private": {
          "type": "Buffer",
          "data": "cP7OiDIfPh9OrVhMn5sbENua43M/c7soahvezc3Xqkg="
        },
        "public": {
          "type": "Buffer",
          "data": "CxSUVN9Ne/dDKpL7FKU66GSwOiEihhkLsroXAVRfvR0="
        }
      },
      "4": {
        "private": {
          "type": "Buffer",
          "data": "AIwG+YqW7f9QSke13yIPxqfYEFvE78nXcykaRs6gv2A="
        },
        "public": {
          "type": "Buffer",
          "data": "IQoy3i1gkMy2qRAjnabDaE9CHPaW+rC8PxL/fwXRCwU="
        }
      },
      "5": {
        "private": {
          "type": "Buffer",
          "data": "cNBqWv0C4QKvt1GDcKQLvAfRWIDSPi7IEnxFzI4YqXA="
        },
        "public": {
          "type": "Buffer",
          "data": "oWIlWE96pILmu8eHijL6/40fhycjc4puUnXwnV2qNQg="
        }
      },
      "6": {
        "private": {
          "type": "Buffer",
          "data": "6JJtnJmlNUwOc4eVlBsDwZnW/uHpzV57eMSRjah7Q0M="
        },
        "public": {
          "type": "Buffer",
          "data": "09dETfUkdPceuVKb835hxqOFzdLPMjyRuzgXh+OCymU="
        }
      },
      "7": {
        "private": {
          "type": "Buffer",
          "data": "cNtiJLmzAYbfXhlmMyPy26E4Yzs6rHWfK9bquw7w5UA="
        },
        "public": {
          "type": "Buffer",
          "data": "iPaBoHaTHANTQLuUDbxy/LYtYAWI6yHtujYcumTR6iQ="
        }
      },
      "8": {
        "private": {
          "type": "Buffer",
          "data": "yMMIsvOFDJIo0ry8L+d7wK01hhjdAnIREVO1ylcoOWU="
        },
        "public": {
          "type": "Buffer",
          "data": "ejY3wRt2SOWvFWjjNtxtIcDoas5TV0+T4kC6JGtQgWY="
        }
      },
      "9": {
        "private": {
          "type": "Buffer",
          "data": "aAmVoRdyfszBexpsl3zGAdinoRAPfmUOSoKGV38+804="
        },
        "public": {
          "type": "Buffer",
          "data": "OYZFD2q7MahefMlcqXibWujwLAKt//WzY/hoKDhArRQ="
        }
      },
      "10": {
        "private": {
          "type": "Buffer",
          "data": "sI26JumBF1thMVTN3iL2mRJDERZsR9bVa+OmL8UUfEs="
        },
        "public": {
          "type": "Buffer",
          "data": "haOMMY9d8lu8MQncTLHhBkXMEmILXAhpMRaj0iZDK3U="
        }
      },
      "11": {
        "private": {
          "type": "Buffer",
          "data": "yMCajFzXE7oZ1Oa4qkRn0i8nH+lOsoEx2oYkRQwy4Uk="
        },
        "public": {
          "type": "Buffer",
          "data": "46v11koso+zps+iV/B0PGztrMv/wQyJbZx5R/hsgwg4="
        }
      },
      "12": {
        "private": {
          "type": "Buffer",
          "data": "8MpKjfUy+waMb9DuBVN/ILf8YkSou8y+Vr6LzATF2Xg="
        },
        "public": {
          "type": "Buffer",
          "data": "VbSuIEBZN6aV5+zoFdfxux8jH9abaaDbnLPD+Hj4ikA="
        }
      },
      "13": null,
      "14": {
        "private": {
          "type": "Buffer",
          "data": "cEkr4CBr9MZmOH9aaeCPS9dSmuQpddPoAe7Sk70av18="
        },
        "public": {
          "type": "Buffer",
          "data": "YicB3UjJJTL+DwQuJAKhwp6m0JPNltJ2OY32Kn+V/j8="
        }
      },
      "15": {
        "private": {
          "type": "Buffer",
          "data": "yKxpBA6z+HKT6NGvJDelbp6irLXotMkPTBGUE4hvx1I="
        },
        "public": {
          "type": "Buffer",
          "data": "55xDXYwMAK+lC2b1XdrPuHCGGxaKZ8lnkDuLsQamxzk="
        }
      },
      "16": {
        "private": {
          "type": "Buffer",
          "data": "qGI8FYX2zEDnBmlyuX9ZkfghwJqnEDdb6UaRwCm6eFI="
        },
        "public": {
          "type": "Buffer",
          "data": "rgT0y3Ngdx2V+duCPVCzxAq5TQItJw2ow2DMP0oHS0w="
        }
      },
      "17": {
        "private": {
          "type": "Buffer",
          "data": "UO7iO+Iu0PGdJQLXDO5uOD9Fc3nBbzaImRYEWa806lw="
        },
        "public": {
          "type": "Buffer",
          "data": "soYB9OQ5y8XgI0Gqm1S50rWNIj0xV1Ry0O2efYT8m3c="
        }
      },
      "18": {
        "private": {
          "type": "Buffer",
          "data": "cIDE+/dxopQGx4RxxqxxxRxF4NTmykf0kCWZ+DTalkk="
        },
        "public": {
          "type": "Buffer",
          "data": "uR5OxlbUkce4QTovovzER8o1G16oVx8GMVtqP9745FM="
        }
      },
      "19": {
        "private": {
          "type": "Buffer",
          "data": "QKJIh+37/r7OyeuyT1Dqkbd6S4JHqfv8/TptubevmG4="
        },
        "public": {
          "type": "Buffer",
          "data": "A51Rj9T0WLwuE6G3ciJrjI9vHV7e8XVxylvebIYw9V4="
        }
      },
      "20": {
        "private": {
          "type": "Buffer",
          "data": "wBExKCpiHS2f7ryuUQZoU6GCoo/++lLlq4HHpaJpu0Y="
        },
        "public": {
          "type": "Buffer",
          "data": "DsdFgGxalnNse5byyHDsRU9RwMRORCB9RZU0lTTjYTc="
        }
      },
      "21": {
        "private": {
          "type": "Buffer",
          "data": "UD0JKa/9rySRVkX7Z0nI2Uid5nD+/Nnn9l0KWy5nDn8="
        },
        "public": {
          "type": "Buffer",
          "data": "gYmvUeHXKIyiTNNOotfk1ssMis8YywifhVabjgdMyQM="
        }
      },
      "22": {
        "private": {
          "type": "Buffer",
          "data": "WNrif5I7iiqYStBaMUwdseFPbdeH7C/XsMhJDBCYJ3I="
        },
        "public": {
          "type": "Buffer",
          "data": "Pq9BtF+cSl53QRMIquD5UMhd4kbfy92vXx/+NHb2lhU="
        }
      },
      "23": {
        "private": {
          "type": "Buffer",
          "data": "4CpeeONxhQd2U9qYE4/WPpZ6Kus1K1N91dNjSWGca0A="
        },
        "public": {
          "type": "Buffer",
          "data": "0jlPY2nwomlhr+GA/0bSQbRmK4fjXti8Ki0cMF7Zkjc="
        }
      },
      "24": {
        "private": {
          "type": "Buffer",
          "data": "OBCyl4shhrKVDvga6j1tCHvi/QOdZ6QIY3ZnTWFsxX8="
        },
        "public": {
          "type": "Buffer",
          "data": "kAchGaAPlqpNGQ6ZXx6bPyE7+CwyvlF+EBnwvvjexVo="
        }
      },
      "25": {
        "private": {
          "type": "Buffer",
          "data": "yLLRVu+LdcJ0BZ6OTzbLg9VZ6qduVoC2cVOmo82hVX4="
        },
        "public": {
          "type": "Buffer",
          "data": "S2P8b3yV1FCcKrEiYSGpxjFQO7R1R8JAcJG2k/kPQWc="
        }
      },
      "26": {
        "private": {
          "type": "Buffer",
          "data": "OAgwAsWrWiIdr3F+K4bKKEzjByTWMf41a31mo5d92Ww="
        },
        "public": {
          "type": "Buffer",
          "data": "ivLzKn1JZUzspQBAcxOS3pX88CzI9hZesk9QumohEnE="
        }
      },
      "27": {
        "private": {
          "type": "Buffer",
          "data": "MMTXDKdBhT5IIrB1grwhxbbfgyOGM2ei6/VhNewdCUY="
        },
        "public": {
          "type": "Buffer",
          "data": "p70VB2o68awBnoD/C7YVuMUXLZHGyYYRAvgTb5zjRG4="
        }
      },
      "28": {
        "private": {
          "type": "Buffer",
          "data": "uKe4TAtUrnxN1XSsUlxXVTKV6ZIy+AffwgfSdP2UQUY="
        },
        "public": {
          "type": "Buffer",
          "data": "NPEROxseAhOyIuzsctxKGvHc7MVrp1OZ2HVCP4ZbMCs="
        }
      },
      "29": {
        "private": {
          "type": "Buffer",
          "data": "gFFB4jVx+FpgzlhGqaJCVG/m8ZHGolbUXUmkYTIRf2s="
        },
        "public": {
          "type": "Buffer",
          "data": "/jCng1wAFHnLRy6tHc+JaEyjQrbwyNuuKTbBn3WGLnY="
        }
      },
      "30": {
        "private": {
          "type": "Buffer",
          "data": "MLSYlNxbLTx5RisUZcFjuM6puuctwEjE74XuOuH0PXE="
        },
        "public": {
          "type": "Buffer",
          "data": "3htqzZTYAMoexDL9bnZqDezMuKpFjJ1TyYnHM/W6cW0="
        }
      }
    },
    "sessions": {
      "62895393167129.0": {
        "_sessions": {
          "BW9yHJR421yfuQPsVOk7IPcOqSWImWafZcSvcJnW1z9N": {
            "registrationId": 444277447,
            "currentRatchet": {
              "ephemeralKeyPair": {
                "pubKey": "BYIC8G4UphqPqtl13uvRge1iTKHzXPG3z+OImb88gRtL",
                "privKey": "gD4Q2OyNdgbhvUHxm/NtYdJ0hK3JTezjIy+KvQFp6Ho="
              },
              "lastRemoteEphemeralKey": "BYSotQ2+YGWOFQaSMY9woX8q9yMisj8QAe6t+KQKStJU",
              "previousCounter": 0,
              "rootKey": "T0IcqiXPaN+VOomENHu3isdV1DX0cd7jw7Rs0SpGog0="
            },
            "indexInfo": {
              "baseKey": "BW9yHJR421yfuQPsVOk7IPcOqSWImWafZcSvcJnW1z9N",
              "baseKeyType": 2,
              "closed": -1,
              "used": 1662213291418,
              "created": 1662213291418,
              "remoteIdentityKey": "BVDrco7SfRiy/or8JRXs89jrHuTzAacxtkSE77IAmWFk"
            },
            "_chains": {
              "BYSotQ2+YGWOFQaSMY9woX8q9yMisj8QAe6t+KQKStJU": {
                "chainKey": {
                  "counter": 6,
                  "key": "fnU3fekf2uucaeLxeGkJAdzAqdf9Eu2M7FGlPVqkxyg="
                },
                "chainType": 2,
                "messageKeys": {}
              },
              "BYIC8G4UphqPqtl13uvRge1iTKHzXPG3z+OImb88gRtL": {
                "chainKey": {
                  "counter": 24,
                  "key": "7sepN2rBtaO3WxM/biaX0RbhTYD/8Mf4b14gc/Vhbj4="
                },
                "chainType": 1,
                "messageKeys": {}
              }
            }
          }
        },
        "version": "v1"
      },
      "6289518562932.0": {
        "_sessions": {
          "BWoIZFnbdfdZT84PZGZY9LEvzcC/g824DbLY3O7wYCUS": {
            "registrationId": 157312030,
            "currentRatchet": {
              "ephemeralKeyPair": {
                "pubKey": "BVF1wh7hRrLtt8nKFmTjBeS/j7MIqO9I/A6xqlxcwH1n",
                "privKey": "UJDtrXG0QL+esbyJLiVryQHmx/hto802RjiK4Gk431g="
              },
              "lastRemoteEphemeralKey": "BRQkRuAGwHnDbxs/qoFx2pFeLxnA6vMfRaTbCaHFiMd5",
              "previousCounter": 1,
              "rootKey": "PgKIrSVXqgbDqUoxLzx1gMXiSScWbQJHKkk4h8d4/rg="
            },
            "indexInfo": {
              "baseKey": "BWoIZFnbdfdZT84PZGZY9LEvzcC/g824DbLY3O7wYCUS",
              "baseKeyType": 1,
              "closed": -1,
              "used": 1662214297189,
              "created": 1662213312988,
              "remoteIdentityKey": "BY3DTA5RGFdr+bSGA3nnhYZ1rOy/CZNsHDOvTSmY8PBA"
            },
            "_chains": {
              "BcZ/zCffb8LrvSaHkyX7dXL9LoS+vsnc6HKLUft3tRpe": {
                "chainKey": {
                  "counter": 0
                },
                "chainType": 2,
                "messageKeys": {}
              },
              "BfE0kAZqQUHvf4QfY9VQIntYo8Kdt8CgkKCpmQ1i73dl": {
                "chainKey": {
                  "counter": 0
                },
                "chainType": 2,
                "messageKeys": {}
              },
              "BTJWzyPB/c29edDYIqK2nuuVjMtMzrPGQcNRb5G38fZh": {
                "chainKey": {
                  "counter": 0
                },
                "chainType": 2,
                "messageKeys": {}
              },
              "Bafs7pvv+JdJJj7unMc1FuEd4LZ3A9KXjSfe1qjMQPUN": {
                "chainKey": {
                  "counter": 0
                },
                "chainType": 2,
                "messageKeys": {}
              },
              "BSwHTm7VIpNoCpYIlScu3H1pl+31s8QeFYiSqQBh2PQp": {
                "chainKey": {
                  "counter": 1
                },
                "chainType": 2,
                "messageKeys": {}
              },
              "BRSdSolT/urywveVwJQS7qcGkSwr1ORAMCe4YdOwAT9i": {
                "chainKey": {
                  "counter": 0
                },
                "chainType": 2,
                "messageKeys": {}
              },
              "BUQGSVLiO8rCgEFHXquiqHmwPg/WFGfWEHXt+57S4NEJ": {
                "chainKey": {
                  "counter": 0
                },
                "chainType": 2,
                "messageKeys": {}
              },
              "BZQ30AHNjbAc8ik45nQTMJlajJBWcyTy2+Py1q6+9hQz": {
                "chainKey": {
                  "counter": 0
                },
                "chainType": 2,
                "messageKeys": {}
              },
              "BRilCxAH3urpcxAhvaDg9bbzlCLf/dp6t12eaWi7I644": {
                "chainKey": {
                  "counter": 1
                },
                "chainType": 2,
                "messageKeys": {}
              },
              "BYijErOX0e17dOrar3GEwJIINmsuEcgf+tCGxYptZt8d": {
                "chainKey": {
                  "counter": 0
                },
                "chainType": 2,
                "messageKeys": {}
              },
              "Bavk7HvQYBPnkk9pF4qCB+cZEqUHD5ZtZpvJF7twmCJ9": {
                "chainKey": {
                  "counter": 0
                },
                "chainType": 2,
                "messageKeys": {}
              },
              "BRz4gFqoS9TywVIepuzpEgDi0hPNXkSGTgAnsmwIrTcR": {
                "chainKey": {
                  "counter": 0
                },
                "chainType": 2,
                "messageKeys": {}
              },
              "BXGZCz0X5yFqa9xbeuShOa4RxuM8SVk+cAY03fTGCfcx": {
                "chainKey": {
                  "counter": 0
                },
                "chainType": 2,
                "messageKeys": {}
              },
              "BQEfm9tgTG7DDkTt0nNNd0fdjtLAwVz9NTNHIkpvU/dt": {
                "chainKey": {
                  "counter": 0
                },
                "chainType": 2,
                "messageKeys": {}
              },
              "BeCt2/wRU3J75rA+oZ3vHijbwYfPORHPb4fLoW9Sgx8d": {
                "chainKey": {
                  "counter": 0
                },
                "chainType": 2,
                "messageKeys": {}
              },
              "BWQC8gwYrPmspOhwQLr/BTXIzvSrVvLmLU2v7MbwVwpa": {
                "chainKey": {
                  "counter": 0
                },
                "chainType": 2,
                "messageKeys": {}
              },
              "Bep9A9Xg/4VYO96R8yfr8IUDiOp6DGgOVHL0QY4EVLwB": {
                "chainKey": {
                  "counter": 0
                },
                "chainType": 2,
                "messageKeys": {}
              },
              "BRQkRuAGwHnDbxs/qoFx2pFeLxnA6vMfRaTbCaHFiMd5": {
                "chainKey": {
                  "counter": 0,
                  "key": "A6EXSqFC5m5fehvSdRLfcwGMPW+a7QpeSM1SHzOSvjQ="
                },
                "chainType": 2,
                "messageKeys": {}
              },
              "BVF1wh7hRrLtt8nKFmTjBeS/j7MIqO9I/A6xqlxcwH1n": {
                "chainKey": {
                  "counter": 0,
                  "key": "NbILhUp1RdNz1P64KKaqvbIlgrAAoA65TLtEkN2BHG8="
                },
                "chainType": 1,
                "messageKeys": {}
              }
            }
          }
        },
        "version": "v1"
      },
      "6285939271364.0": {
        "_sessions": {
          "BQ5uq27kO0b601MDTTTIpJfA0Yj+QM7N/02LJdXyFYQV": {
            "registrationId": 1113152012,
            "currentRatchet": {
              "ephemeralKeyPair": {
                "pubKey": "BZP7pzK79sYCy7CmGGdCmUOtlfW2b4pK8N+oRjjAy3VJ",
                "privKey": "AFMdgIug0B/et6faA0fJHGvUPFJ+yP0ovtNSCY/JcGE="
              },
              "lastRemoteEphemeralKey": "BTGuOwohUwgsT9fXCOs2x9uC650LArFrldh6qbhQWp8q",
              "previousCounter": 0,
              "rootKey": "OnhUmihOM3FDt025HvfJoIeqs+ofVB5acckCOpqQvuc="
            },
            "indexInfo": {
              "baseKey": "BQ5uq27kO0b601MDTTTIpJfA0Yj+QM7N/02LJdXyFYQV",
              "baseKeyType": 1,
              "closed": -1,
              "used": 1662213872177,
              "created": 1662213872177,
              "remoteIdentityKey": "BahfpWUptBhKva3Ank+EvshFSpcPI2GM1XGQdWCtgaQX"
            },
            "_chains": {
              "BZP7pzK79sYCy7CmGGdCmUOtlfW2b4pK8N+oRjjAy3VJ": {
                "chainKey": {
                  "counter": 0,
                  "key": "dLyL9TV/5QY5+wQF6R9oFgEmdR9J/x2F5fLCAwEO90Y="
                },
                "chainType": 1,
                "messageKeys": {}
              }
            },
            "pendingPreKey": {
              "signedKeyId": 1,
              "baseKey": "BQ5uq27kO0b601MDTTTIpJfA0Yj+QM7N/02LJdXyFYQV",
              "preKeyId": 8491303
            }
          }
        },
        "version": "v1"
      },
      "6285702050641.0": {
        "_sessions": {
          "BWVcP/dFWnXBm6phwtm1XtMT0pOCH0zmHkfH2SOkTjVN": {
            "registrationId": 1168250354,
            "currentRatchet": {
              "ephemeralKeyPair": {
                "pubKey": "BUk5lPBiyeCxDxnOe8AX+iHFLMpQZsF+/U5xe0KMnvAF",
                "privKey": "MMbJVWzESI1ep1n2MV0qNCdBHSEMQjW/Ncfi74Xt524="
              },
              "lastRemoteEphemeralKey": "BSdkF6AjJGVAAXc/oCwsh8eGeP7G25yX8biEOPCcDMUQ",
              "previousCounter": 0,
              "rootKey": "BwR2BliennIjaLkoO7OsNLXWnhRd1io6aRPe97PJ6GU="
            },
            "indexInfo": {
              "baseKey": "BWVcP/dFWnXBm6phwtm1XtMT0pOCH0zmHkfH2SOkTjVN",
              "baseKeyType": 1,
              "closed": -1,
              "used": 1662214325379,
              "created": 1662214325379,
              "remoteIdentityKey": "BVl8bKI6Emm9uux3wKI2fbmiJ5hkFt6L+runhAyAjwlS"
            },
            "_chains": {
              "BUk5lPBiyeCxDxnOe8AX+iHFLMpQZsF+/U5xe0KMnvAF": {
                "chainKey": {
                  "counter": 0,
                  "key": "qDhjn9IO61WvnvJqepCZbesP+v23u75vQD/0n4H3fGE="
                },
                "chainType": 1,
                "messageKeys": {}
              }
            },
            "pendingPreKey": {
              "signedKeyId": 1,
              "baseKey": "BWVcP/dFWnXBm6phwtm1XtMT0pOCH0zmHkfH2SOkTjVN",
              "preKeyId": 6252859
            }
          }
        },
        "version": "v1"
      },
      "6285712819250.0": {
        "_sessions": {
          "BX5Ngr2cRYpOUv1/7YCpEoAG7K9N2MHfPGyQr57awZ1Z": {
            "registrationId": 793018601,
            "currentRatchet": {
              "ephemeralKeyPair": {
                "pubKey": "BQCu6+XzFnvaWN+NURx4P91ovS+oLu9hRaJivWfMwoFS",
                "privKey": "uK6kJ0vXETF2MRCixIIBK+azL1SB+7jL2oP3v+uFh3A="
              },
              "lastRemoteEphemeralKey": "BVIqJrJCirIo7NnVK1dky8SCAnl3O01UovanijcvnCpY",
              "previousCounter": 0,
              "rootKey": "knFOSdOvzEhjNjFT6c0hM/aTxt9e32OpjosQfZ+enwM="
            },
            "indexInfo": {
              "baseKey": "BX5Ngr2cRYpOUv1/7YCpEoAG7K9N2MHfPGyQr57awZ1Z",
              "baseKeyType": 1,
              "closed": -1,
              "used": 1662214325416,
              "created": 1662214325416,
              "remoteIdentityKey": "BXfEWC2gugneuLW0d83OFK8o6VwBawoYhWFvvLvtSQAo"
            },
            "_chains": {
              "BQCu6+XzFnvaWN+NURx4P91ovS+oLu9hRaJivWfMwoFS": {
                "chainKey": {
                  "counter": 0,
                  "key": "Lx4N1utk6TGwp/gk2zEmrPb/S5ozh7c3/OzxRKIYdsU="
                },
                "chainType": 1,
                "messageKeys": {}
              }
            },
            "pendingPreKey": {
              "signedKeyId": 9,
              "baseKey": "BX5Ngr2cRYpOUv1/7YCpEoAG7K9N2MHfPGyQr57awZ1Z",
              "preKeyId": 8711221
            }
          }
        },
        "version": "v1"
      },
      "6285842773033.0": {
        "_sessions": {
          "BcEznlEic4a0o84Za7QX6T5RXAnfnLfbSJMALeWQhxB2": {
            "registrationId": 93366853,
            "currentRatchet": {
              "ephemeralKeyPair": {
                "pubKey": "BUL/Pm86QkqoMa5UAAhaNzhMD2e4rG6teVW+jCB+TyZL",
                "privKey": "GHsWJ1yT69Oj+a8o6F4ak/pt0y41nWxZBZ0SOO+Aq2s="
              },
              "lastRemoteEphemeralKey": "BVzGn4vHhtMsT3bUXhzw87FNWYzypond/UqsgYhwoGN8",
              "previousCounter": 0,
              "rootKey": "TlNdhTFp8bsY0BdZTJrwvAhGnPYovrgRvIDI+/xMtGU="
            },
            "indexInfo": {
              "baseKey": "BcEznlEic4a0o84Za7QX6T5RXAnfnLfbSJMALeWQhxB2",
              "baseKeyType": 1,
              "closed": -1,
              "used": 1662214325450,
              "created": 1662214325450,
              "remoteIdentityKey": "BYtp98lM0MWDMfvHzvGyeIVesqiYnSvynZQp53lA4Hkn"
            },
            "_chains": {
              "BUL/Pm86QkqoMa5UAAhaNzhMD2e4rG6teVW+jCB+TyZL": {
                "chainKey": {
                  "counter": 0,
                  "key": "PB9b+P++2DFqsJ/sRcUQ184oSYpaitbN+xbB2EgepJg="
                },
                "chainType": 1,
                "messageKeys": {}
              }
            },
            "pendingPreKey": {
              "signedKeyId": 3,
              "baseKey": "BcEznlEic4a0o84Za7QX6T5RXAnfnLfbSJMALeWQhxB2",
              "preKeyId": 12767081
            }
          }
        },
        "version": "v1"
      },
      "6285869955852.0": {
        "_sessions": {
          "BYoB3pggh1JprIjQ02CT+1t0pK8jhE4lb+3giB64Wld8": {
            "registrationId": 1847495993,
            "currentRatchet": {
              "ephemeralKeyPair": {
                "pubKey": "BUpoxwUWYIFov4JAixmEtuA5y2b0F0eBSFVl0572ERUP",
                "privKey": "AOLAr+Z7PBvnFW+OqJJjRbd4y14N/eADwUE+qY/ZAlY="
              },
              "lastRemoteEphemeralKey": "BTle4RuGM81eSphz5BHfy14nTf1xp2sUFN1Q6Lt+bGZK",
              "previousCounter": 0,
              "rootKey": "v5kG2BA5EsKxVGEzIG5sKF8gH3bSlR8vDniTJm8nq5g="
            },
            "indexInfo": {
              "baseKey": "BYoB3pggh1JprIjQ02CT+1t0pK8jhE4lb+3giB64Wld8",
              "baseKeyType": 1,
              "closed": -1,
              "used": 1662214360363,
              "created": 1662214325482,
              "remoteIdentityKey": "BeAaWukUmGWn+NaW5JcHYwrBH0hXnpp0uciQtoDs45cM"
            },
            "_chains": {
              "BTle4RuGM81eSphz5BHfy14nTf1xp2sUFN1Q6Lt+bGZK": {
                "chainKey": {
                  "counter": 0,
                  "key": "B0QwtI1yUEhT0OX1nBOddgc4gGNcosyxqiFwvEwpnsQ="
                },
                "chainType": 2,
                "messageKeys": {}
              },
              "BUpoxwUWYIFov4JAixmEtuA5y2b0F0eBSFVl0572ERUP": {
                "chainKey": {
                  "counter": -1,
                  "key": "i+Cc+SaPqXQoW7f3mpxLm6294qr0FTImiB7XZQiSAWc="
                },
                "chainType": 1,
                "messageKeys": {}
              }
            }
          }
        },
        "version": "v1"
      },
      "6285876345699.0": {
        "_sessions": {
          "BeuXVNkmdlxFEvZVYkC1JpBXjLI9q8MEEAmfXaOgggQ2": {
            "registrationId": 1014644106,
            "currentRatchet": {
              "ephemeralKeyPair": {
                "pubKey": "BUtSuF+W8QQW2QETj4nIaKM0X7cccNrUyNQHIzuu5/BE",
                "privKey": "0GnkXk4zHzZTl4Z3XhwyBFEYrFTHTYJLihWQvCJrLG8="
              },
              "lastRemoteEphemeralKey": "BQ+q44fF+5tuwOVVCDP+JaqXYETdcWCaCeZ+B2m9TYh2",
              "previousCounter": 0,
              "rootKey": "VfuWQTHhgnG0L0G5LFVTcyF/SfJcH6ugivB2PQg7DGs="
            },
            "indexInfo": {
              "baseKey": "BeuXVNkmdlxFEvZVYkC1JpBXjLI9q8MEEAmfXaOgggQ2",
              "baseKeyType": 1,
              "closed": -1,
              "used": 1662214325513,
              "created": 1662214325513,
              "remoteIdentityKey": "BeY9Tynxm7txH2vwUxyH1mk9PspXWeWnsUHY1/XrBNpw"
            },
            "_chains": {
              "BUtSuF+W8QQW2QETj4nIaKM0X7cccNrUyNQHIzuu5/BE": {
                "chainKey": {
                  "counter": 0,
                  "key": "8A9b3iyAXLNqtUFkXSF3P7YUuZTEHNsWczVoCrV0WAE="
                },
                "chainType": 1,
                "messageKeys": {}
              }
            },
            "pendingPreKey": {
              "signedKeyId": 3,
              "baseKey": "BeuXVNkmdlxFEvZVYkC1JpBXjLI9q8MEEAmfXaOgggQ2",
              "preKeyId": 1986869
            }
          }
        },
        "version": "v1"
      },
      "62895333303242.0": {
        "_sessions": {
          "BaJmpkMvi2K+FZEZzYmRy8Rku/T3JiahBfBN112RTQgU": {
            "registrationId": 1561078911,
            "currentRatchet": {
              "ephemeralKeyPair": {
                "pubKey": "BUqBqj2VkZI7npwyVXBL123V6ba3coSg1TYEc0op/T8R",
                "privKey": "gJPf4rdOJyCjpvvfr5m3H27n9cvc4h8cAIH1n/JQC28="
              },
              "lastRemoteEphemeralKey": "Bc0CqOymFn+pPWD+B58eerZco3CffqV1v7XiLBRHZTJ9",
              "previousCounter": 0,
              "rootKey": "0Rd4/Q+4kZ51VZx8SteaVvFVPtih30Bcg6TIxQHWDqA="
            },
            "indexInfo": {
              "baseKey": "BaJmpkMvi2K+FZEZzYmRy8Rku/T3JiahBfBN112RTQgU",
              "baseKeyType": 1,
              "closed": -1,
              "used": 1662214365277,
              "created": 1662214325543,
              "remoteIdentityKey": "Bb3Kv4D4hFzicL5MridOoUCL+AwBxz51kXAhekpFFEgE"
            },
            "_chains": {
              "Bc0CqOymFn+pPWD+B58eerZco3CffqV1v7XiLBRHZTJ9": {
                "chainKey": {
                  "counter": 0,
                  "key": "uamKZciYISIu7cm1IYTLjeORJdKAWuxCxzG4/zJ5g5s="
                },
                "chainType": 2,
                "messageKeys": {}
              },
              "BUqBqj2VkZI7npwyVXBL123V6ba3coSg1TYEc0op/T8R": {
                "chainKey": {
                  "counter": -1,
                  "key": "f8vdk9y79MiT6ozuEeOjm0ZlcePRMkxxHjLWJT3wP7U="
                },
                "chainType": 1,
                "messageKeys": {}
              }
            }
          }
        },
        "version": "v1"
      },
      "6289628169589.0": {
        "_sessions": {
          "BQM3Gv79yuj2flNPhAfdsAQYx3B98O2x6KJikAWOvpFf": {
            "registrationId": 657917515,
            "currentRatchet": {
              "ephemeralKeyPair": {
                "pubKey": "BZ6bIHEzAirnbqDfNIUIHEG7oQnLdhHAXUjt73cg4ysn",
                "privKey": "iBOUCZQRPhAHo90CsYi84sNyFx+sPsD72GAZ5X5fk2o="
              },
              "lastRemoteEphemeralKey": "BeN4jwEAbHTqPhTB5kgldnMqIFljEb2Cg9Ta6qhGAPBd",
              "previousCounter": 0,
              "rootKey": "zWi8pHWyfcZjKeDUkKQL2faUomj/JBWxeA7pkGzvVT8="
            },
            "indexInfo": {
              "baseKey": "BQM3Gv79yuj2flNPhAfdsAQYx3B98O2x6KJikAWOvpFf",
              "baseKeyType": 1,
              "closed": -1,
              "used": 1662214325573,
              "created": 1662214325573,
              "remoteIdentityKey": "BVDIWLcV4fhwt1ruVLpnnG1lIcb0WKKK3Dzu7W3FSYMK"
            },
            "_chains": {
              "BZ6bIHEzAirnbqDfNIUIHEG7oQnLdhHAXUjt73cg4ysn": {
                "chainKey": {
                  "counter": 0,
                  "key": "ZH+pQMnOOwPKt8EZrCgPmhT4jzAOnwa54RYM1eOgQKM="
                },
                "chainType": 1,
                "messageKeys": {}
              }
            },
            "pendingPreKey": {
              "signedKeyId": 12,
              "baseKey": "BQM3Gv79yuj2flNPhAfdsAQYx3B98O2x6KJikAWOvpFf",
              "preKeyId": 7669929
            }
          }
        },
        "version": "v1"
      },
      "6289682779664.0": {
        "_sessions": {
          "BbkbL+9/PAqDj4ST8w8hZS5wAl4OzOqkBcFz9L0gKPcX": {
            "registrationId": 1623970811,
            "currentRatchet": {
              "ephemeralKeyPair": {
                "pubKey": "BczfqJPA8R7BHWWRpSud+bQjGdcVu4xPDov1fC/p3gxr",
                "privKey": "sA2D9Bn2SwKOVL3C6fcUEBzfmWvNa9GKWdVkRI+Jk2c="
              },
              "lastRemoteEphemeralKey": "Bdab4mKFlMVWnFwsoGrToTerrzilA0gN10LYAV/putQf",
              "previousCounter": 0,
              "rootKey": "mZPO1xnCiMCUnnOFLTD8B/FJARdYw+aETqAlls1ylWc="
            },
            "indexInfo": {
              "baseKey": "BbkbL+9/PAqDj4ST8w8hZS5wAl4OzOqkBcFz9L0gKPcX",
              "baseKeyType": 1,
              "closed": -1,
              "used": 1662214325603,
              "created": 1662214325603,
              "remoteIdentityKey": "BZyOzwpmsx9d/UAk3nHzUiJnfBMgWbwi6Cv8npS8UC8M"
            },
            "_chains": {
              "BczfqJPA8R7BHWWRpSud+bQjGdcVu4xPDov1fC/p3gxr": {
                "chainKey": {
                  "counter": 0,
                  "key": "7d91wal0xjYxhZKzNaXMV2jPi64hOWWKeCrPXBKPaeI="
                },
                "chainType": 1,
                "messageKeys": {}
              }
            },
            "pendingPreKey": {
              "signedKeyId": 10,
              "baseKey": "BbkbL+9/PAqDj4ST8w8hZS5wAl4OzOqkBcFz9L0gKPcX",
              "preKeyId": 12990409
            }
          }
        },
        "version": "v1"
      }
    },
    "appStateSyncKeys": {
      "AAAAAAYZ": {
        "keyData": "TsifsvrRuzjzsL8p1qKCwUs0wkIp37QI3JEhHugLBOk=",
        "fingerprint": {
          "rawId": 99760193,
          "currentIndex": 2,
          "deviceIndexes": [
            0,
            1,
            2
          ]
        },
        "timestamp": "1662211477417"
      },
      "AAAAAAYX": {
        "keyData": "D3y0JTwWw4Z7t+vjb0gfteGM5QeWO1ZtvB/zrIdPfx0=",
        "fingerprint": {
          "rawId": 99760192,
          "currentIndex": 1,
          "deviceIndexes": [
            0,
            1
          ]
        },
        "timestamp": "0"
      },
      "AAAAAAYY": {
        "keyData": "WfwZHgmf/rSREPQZLR7UV4O9t+WmuyTuLy4B62NorXw=",
        "fingerprint": {
          "rawId": 99760192,
          "currentIndex": 1,
          "deviceIndexes": [
            0
          ]
        },
        "timestamp": "1662209744693"
      },
      "AAAAAAYa": {
        "keyData": "UAtcRbHoxM0W927CN9nQInww+3h8FaTNUNSTqSMqkuA=",
        "fingerprint": {
          "rawId": 99760193,
          "currentIndex": 2,
          "deviceIndexes": [
            0,
            2
          ]
        },
        "timestamp": "0"
      }
    },
    "appStateVersions": {
      "critical_block": {
        "version": 4,
        "hash": {
          "type": "Buffer",
          "data": "NEqqWKKdpV48Vqi7wX+EeeYoBWxCAxdLHZGNH+9pKz7IAWvwsKpNRnjODg30nCyafK0JHSidBAtSiPtGfIWaXRHKtRjXoXaBL4NidCVl51nP53OBeJywfzYTZQWBJKEjyJpaLvIFJHj7Cp+RcBhxdpks6HdvqQmLBM6AvqIgntc="
        },
        "indexValueMap": {
          "/R0D3u8IRHf417apOSV6qnFv2uhM9Rg5uWlRPCnuTRE=": {
            "valueMac": {
              "type": "Buffer",
              "data": "sRSbphepR/ktWGgo5OdqPqbBDsx9FgLgo9+pv8SWx90="
            }
          },
          "uMvybDh/nMipQNDp9YrqVnNrODv8akMKFeyyuYPpJ/s=": {
            "valueMac": {
              "type": "Buffer",
              "data": "Jlvd/ZJ7Kbt55cfH0Wpm9lsuTi2btjM6GMgqGK8VKf8="
            }
          },
          "5Zh0WDY/qVqmoimi1aTKzbLEXr8JFP1QHWqCzfzb64A=": {
            "valueMac": {
              "type": "Buffer",
              "data": "ANjGpan/Jd66Ws1U4b2fRtS5VRy5eh2KaPCa9V3HBUg="
            }
          }
        }
      },
      "critical_unblock_low": null,
      "regular": {
        "version": 4,
        "hash": {
          "type": "Buffer",
          "data": "fuHwiCJWiTXyYkoDc7yoJoJP/hsBUREFbcMLDC9q4OfCRe96qLm/apeH5pk2BKVOtXiDdeCfwEnCRziuwbeAn37RWPqZICSsepW57gGy39ipMEThtAe3+JLb/Xj8oAgYnOyLyhjYPkwK85upQqX1KFaRaPpglmKVpsSl0gt7Df4="
        },
        "indexValueMap": {
          "6ZAMHuCwdeaTw45scsfHODQ59p251xKiEgk4MMPEPQA=": {
            "valueMac": {
              "type": "Buffer",
              "data": "YpwicYgFwdpExurWI9LsoIEGWyHTt5xde4OfDyQG7sY="
            }
          },
          "fVzjU8j3MZOm6vfccwl1NrDXFWROJ2NDPgfv5UHfRbo=": {
            "valueMac": {
              "type": "Buffer",
              "data": "UQYXhBJl8Db//lBFF1pWWwCwXVZEXnuPr5jdRIkB0Yw="
            }
          }
        }
      },
      "regular_high": {
        "version": 3,
        "hash": {
          "type": "Buffer",
          "data": "vPf6LnoxCkHcAV1zes8n58gwBZ3vDhglAjnSbIRUN5Hd5iOwZp1lFEyXDix/meWRrQG1gDGQYv92WlpV9uAtT85L4ziIWbxA8uz4R3jexoUaYYU8rbYACcVv+LpqnSB2gp8VaNvQhMzWHn/Yd2Bhk3WuidjY6Aru2kHOcGO+j1s="
        },
        "indexValueMap": {
          "YPv1d6w2y9AVw+TLN+UYZKkqXKFS1/ToLxY1DtZ8KsM=": {
            "valueMac": {
              "type": "Buffer",
              "data": "C7q0aXFKAlX9KnSw9nEFzlVJiIMAfzvBIPwpOaEreP0="
            }
          }
        }
      },
      "regular_low": {
        "version": 4,
        "hash": {
          "type": "Buffer",
          "data": "RgUWckxKKAiLq33X8rD4Q29jyffseyvkvOeat3LaYIZPJ++VacQu3JxOVzF7tBIuNgoXr4neV9UC3nbzWuQ6mWpJfx+uGdV7p6hjDceC9DWrwzpojJNXX4E7UVmMoIA7ntVzYZbN8qJGdGuJXv/oby2XAwbvG4ShGI+Req6pVUc="
        },
        "indexValueMap": {
          "vsmVSwAP1YVW7YH24RwrR17cckJDJjrSeESL7wJ3FiE=": {
            "valueMac": {
              "type": "Buffer",
              "data": "UotUEbXU3v8nplr4lewNZWNUVuq7+pOvvfb9/TcnvDg="
            }
          },
          "Q/9ioPvHd6pl+GsXoR0gQvinjmeouNdtY/bOXrgiJNM=": {
            "valueMac": {
              "type": "Buffer",
              "data": "+7kjI5DEoNH+fKq25/JR0FXthK8yyDWDaGio9sWHjfQ="
            }
          },
          "alXUkayxdd+dKPwFndwS69yEdonYODzzJnzBHzrsVYo=": {
            "valueMac": {
              "type": "Buffer",
              "data": "Wv+5GK3gQdTwSLp2oyoZ1eVUoMS6QYmGNhu1NMBiVAU="
            }
          }
        }
      }
    },
    "senderKeys": {
      "120363026457233165@g.us::6289518562932::0": [
        {
          "senderKeyId": 803127286,
          "senderChainKey": {
            "iteration": 7,
            "seed": "OBliNcbdvKbuJAP/nX9/FFuvnLa/GKiw6EFoOn+VG7g="
          },
          "senderSigningKey": {
            "public": "BZC4Oa3phLq9Rr8ViQl1MQOtRmw5IXsYSebe9Mx0n3I6"
          }
        }
      ],
      "120363026457233165@g.us::62895393167129:4::0": [
        {
          "senderKeyId": 929916837,
          "senderChainKey": {
            "iteration": 4,
            "seed": "vwa43gUmJhHoJhUhyAj+I1X2LLHRxxAlcoDlu1Pijbk="
          },
          "senderSigningKey": {
            "public": "BcAc3P/ZPt2wc2fNUYhCADd8VOwDiqhDSpBKVnZQLKpO",
            "private": "aGg4b8TcN5Bit5SomB4MMmVHHwZyeEogGI7KPuKDN1M="
          }
        }
      ],
      "6289682779664-1630465759@g.us::6289518562932::0": [
        {
          "senderKeyId": 1990438494,
          "senderChainKey": {
            "iteration": 56,
            "seed": "papeEx2bGFeLLvOfQeFYxGvtaK6qNNS95JX5DtZYVYA="
          },
          "senderSigningKey": {
            "public": "BTbNDqoj4ooUyl3sJQ6mRdoKkP+WOZMJ+LttXkr6mxI+"
          }
        }
      ],
      "6289682779664-1630465759@g.us::62895393167129:4::0": [
        {
          "senderKeyId": 282731565,
          "senderChainKey": {
            "iteration": 4,
            "seed": "3ngHkh+9KmWQQhhO8m4JsD5guVJADtW2xC2VwMvAcc0="
          },
          "senderSigningKey": {
            "public": "BfOwaOVA7ynXIpXGxtZ82UaLTXNQpxPvlnkK4ASb4zp/",
            "private": "wJrsWY0pRx5RrE5kBmPuqlNoGYZ/TAr0Vq7nRpnsLls="
          }
        }
      ],
      "6289682779664-1630465759@g.us::6285869955852::0": [
        {
          "senderKeyId": 1456806493,
          "senderChainKey": {
            "iteration": 4361,
            "seed": "AKdyqaye6Ie7Y0EOlM7tU1ZGTSp65qTB8JYVtLOI0AE="
          },
          "senderSigningKey": {
            "public": "BWGCxN5Ob2r9JTwABC1K86wvPxjAyEFMa79MnakPETsP"
          }
        }
      ],
      "6289682779664-1630465759@g.us::62895333303242::0": [
        {
          "senderKeyId": 942598637,
          "senderChainKey": {
            "iteration": 1075,
            "seed": "4KFMnqi8RNebrZWLhbG08taJDnq9+Gj3KB5MYmZDRo0="
          },
          "senderSigningKey": {
            "public": "BbLKqDytGJhTX3pijveqfz8mc/JU0VZTfbjXUbG6QjpC"
          }
        }
      ]
    },
    "senderKeyMemory": {
      "120363026457233165@g.us": {
        "62895393167129@s.whatsapp.net": true,
        "6289518562932@s.whatsapp.net": true,
        "6285939271364@s.whatsapp.net": true
      },
      "6289682779664-1630465759@g.us": {
        "6289682779664@s.whatsapp.net": true,
        "6289628169589@s.whatsapp.net": true,
        "62895393167129@s.whatsapp.net": true,
        "62895333303242@s.whatsapp.net": true,
        "6289518562932@s.whatsapp.net": true,
        "6285876345699@s.whatsapp.net": true,
        "6285869955852@s.whatsapp.net": true,
        "6285842773033@s.whatsapp.net": true,
        "6285712819250@s.whatsapp.net": true,
        "6285702050641@s.whatsapp.net": true
      }
    }
  }
}